feature,separability_auc,median_REAL,median_FAKE,flag
rms_dbfs,0.6975744922603458,-16.6770782147524,-15.052398345703303,
bw99_hz,0.6561181036064037,5074.5,3264.0,
dc_offset,0.6351671935983533,-1.1625290312622383e-06,3.73411166947335e-05,
clip_frac,0.6174876122224373,3.125e-05,3.125e-05,
silence_frac,0.6124031205735191,0.01,0.03,
peak_dbfs,0.602777397050881,-0.00026507636037961915,-0.00026507636037961915,
trail_silence_ms,0.5036654828749325,0.0,0.0,
duration_s,0.5,2.0,2.0,
channels,0.5,1.0,1.0,
samplerate,0.5,16000.0,16000.0,
size_bytes,0.5,64044.0,64044.0,
lead_silence_ms,0.5,0.0,0.0,
